{"cameraMode":{"drawMode":0,"name":"Shaded","section":"Shading Mode"},"sceneLighting":true,"audioPlay":false,"sceneViewState":{"m_AlwaysRefresh":false,"showFog":true,"showSkybox":true,"showFlares":true,"showImageEffects":true,"showParticleSystems":true,"showVisualEffectGraphs":true,"m_FxEnabled":true},"in2DMode":false,"pivot":{"x":-27.681283950805665,"y":1.1828770637512208,"z":34.086326599121097},"rotation":{"x":-0.17068319022655488,"y":0.827579140663147,"z":-0.40653446316719057,"w":-0.3474576473236084},"size":0.18839366734027863,"orthographic":false}