{"cameraMode":{"drawMode":0,"name":"Shaded","section":"Shading Mode"},"sceneLighting":true,"audioPlay":false,"sceneViewState":{"m_AlwaysRefresh":false,"showFog":true,"showSkybox":false,"showFlares":true,"showImageEffects":true,"showParticleSystems":true,"showVisualEffectGraphs":true,"m_FxEnabled":true},"in2DMode":false,"pivot":{"x":-4.468067169189453,"y":-24.162899017333986,"z":-13.480968475341797},"rotation":{"x":-0.052340373396873477,"y":0.9350078701972961,"z":-0.15570127964019776,"w":-0.3143194019794464},"size":41.387943267822269,"orthographic":false}